dist,K_avg,K_std,FMI_avg,FMI_std
50,1.0,0.0,0.7053278933842966,0.0
55,1.0666666666666667,0.24944382578492943,0.7213852098843432,0.0601935111395663
60,1.9333333333333333,0.24944382578492943,0.9656926767807057,0.07659689104317763
65,2.0,0.0,1.0,0.0
70,2.0,0.0,1.0,0.0
75,2.0,0.0,1.0,0.0
80,2.0,0.0,1.0,0.0
85,2.0,0.0,1.0,0.0
90,2.0,0.0,1.0,0.0
95,2.0,0.0,1.0,0.0
100,2.0,0.0,1.0,0.0
105,2.0,0.0,1.0,0.0
