dist,K_avg,FMI_avg,FMI_std
50,1.1,0.7286584015321919,0.07069148125852157
55,1.3,0.7877683800208234,0.12621155031032807
60,1.5666666666666667,0.8643248517545562,0.13929943320788757
65,1.8666666666666667,0.9560307927523815,0.09854531924971967
70,1.9666666666666666,0.9855085089222964,0.05263908329801272
75,2.0,0.9979969375576991,0.005420062545867964
80,2.0,1.0,0.0
85,2.0,0.9996650001262519,0.001804029530502244
90,2.0,1.0,0.0
95,2.0,1.0,0.0
100,2.0,1.0,0.0
105,2.0,1.0,0.0
