dist,Ncluster,mean_FMI
60,1.0,0.6438346831106565
70,1.0,0.6407224193871899
75,1.0,0.6392879649336514
80,1.1333333333333333,0.6620674767024203
85,1.4,0.7145374750487417
90,1.3333333333333333,0.7033675248815532
95,1.7333333333333334,0.7861382904484675
100,1.9,0.8263074701767483
105,2.0,0.8585929080763152
110,2.0,0.8577941010122127
120,2.0,0.8561843706464671
150,2.0,0.8554171109447907
200,2.0,0.8558080048102708
