dist,Ncluster,mean_FMI
60,1.0,0.6442705463578648
70,1.0,0.6414075667270817
75,1.0,0.6273107744900049
80,1.0,0.6242709905935896
85,1.0,0.6340264170920001
90,1.3333333333333333,0.6910976133297392
95,1.3333333333333333,0.7060608776522473
100,2.0,0.8556521666286332
105,2.0,0.8353919764884057
120,2.0,0.8478428854330357
150,2.0,0.8448789424485045
200,2.0,0.8722518574639588
